INSERT INTO customer ( name, username, password, phone_number )
VALUES ( 'Beyoncé Knowles', 'bknowles', 'abacus', 1234567 ),
( 'Solange Knowles', 'sknowles', 'abalone', 2234567 ),
( 'Kelly Rowland', 'krowland', 'abandon', 3234567 ),
( 'Michelle Williams', 'mwilliams', 'abashed', 4234567 ),
( 'Blue Ivy Carter', 'bcarter', 'abate', 5234567 ),
( 'Rupi Kaur', 'rkaur', 'abbrivated', 6234567 ),
( 'Michael Jackson', 'mjackson', 'moonwalker', 7234567 ),
( 'Barack Obama', 'bobama', 'renegade', 8234567 ),
( 'Michelle Obama', 'mobama', 'renaissance', 9234567 ),
( 'Malia Obama', 'mobama', 'rosebud', 1134567 ),
( 'Sasha Obama', 'sobama', 'radiance', 1334567 );

INSERT INTO credit_card ( 
  customer_name,
  card_number,
  apartment_number,
  street_address,
  zipcode,
  customer_id,
  expiration_date,
  card_type,
  city,
  state )
VALUES (
  'Beyoncé Knowles',
  '4567390482903889',
  'A',
  '1234 Carter St',
  55555,
  1,
  '1999-01-08',
  'Mastercard',
  'New York City',
  'NY' ),
( 
  'Solange Knowles',
  '1234567891011121',
  'C',
  '1234 Carter St',
  55554,
  2,
  '1999-01-08',
  'Visa',
  'New York City',
  'NY' ),
(
  'Kelly Rowland',
  '4567390482903111',
  'F',
  '5555 Bankhead St',
  24689,
  3,
  '1999-01-08',
  'Visa',
  'Atlanta',
  'GA' ),
(
  'Michelle Williams',
  '4567390482902345',
  'D',
  '2468 Bobby St',
  90100,
  4,
  '1999-01-08',
  'Mastercard',
  'Los Angeles',
  'CA' ),
(
  'Jay Z',
  '4567390482902222',
  'A',
  '1234 Carter St',
  55555,
  5,
  '1999-01-08',
  'Visa',
  'New York City',
  'NY' ),
(
  'Rupi Kaur',
  '4567390482903333',
  'I',
  '2345 Lovely St',
  80122,
  6,
  '1999-01-08',
  'Mastercard',
  'Chicago',
  'IL' ),
(
  'Michael Jackson',
  '4567390482904455',
  112,
  '3333 Danny St',
  67345,
  7,
  '1999-01-08',
  'Visa',
  'Newark',
  'NJ' ),
(
  'Barack Obama',
  '4567390482905567',
  104,
  '4444 Gaskill St',
  94602,
  8,
  '1999-01-08',
  'Mastercard',
  'Oakland',
  'CA' ),
(
  'Michelle Obama',
  '4567390482906672',
  104,
  '4444 Gaskill St',
  94602,
  9,
  '1999-01-08',
  'Visa',
  'Oakland',
  'CA' ),
(
  'Malia Obama',
  '4567390482902100',
  104,
  '4444 Gaskill St',
  94602,
  10,
  '1999-01-08',
  'Mastercard',
  'Oakland',
  'CA' ),
(
  'Sasha Obama',
  '456739048290001',
  11,
  '1123 Purple Rain St',
  55544,
  10,
  '1999-01-08',
  'Visa',
  'Dallas',
  'TX'
);

INSERT INTO customer_address ( customer_id, address_id )
VALUES ( 4, 9 ),
( 6, 8 ),
( 9, 7 ),
( 3, 6 ),
( 1, 5 ),
( 7, 4 ),
( 8, 3 ),
( 11, 2 ),
( 5, 1 ),
( 2, 10 ),
( 10, 11 );